{
    "root_group": {
        "name": "",
        "path": "",
        "id": "d41d8cd98f00b204e9800998ecf8427e",
        "groups": {},
        "checks": {}
    },
    "metrics": {
        "data_received": {
            "count": 30537,
            "rate": 2525.9286702072254
        },
        "vus_max": {
            "value": 100,
            "min": 100,
            "max": 100
        },
        "http_req_receiving": {
            "avg": 0.08063719999999999,
            "min": 0.066247,
            "med": 0.084901,
            "max": 0.093757,
            "p(90)": 0.0926834,
            "p(95)": 0.09322019999999999
        },
        "http_req_duration": {
            "min": 37.733505,
            "med": 38.771377,
            "max": 76.114446,
            "p(90)": 62.0896564,
            "p(95)": 69.10205119999999,
            "avg": 46.477762600000005,
            "thresholds": {
                "p(95)<500": false
            }
        },
        "iterations": {
            "count": 5,
            "rate": 0.41358494125277945
        },
        "http_req_failed": {
            "passes": 5,
            "fails": 0,
            "thresholds": {
                "rate<0.01": true
            },
            "value": 1
        },
        "iteration_duration": {
            "max": 283.970708,
            "p(90)": 228.20219200000003,
            "p(95)": 256.08644999999996,
            "avg": 170.392915,
            "min": 139.203818,
            "med": 142.226863
        },
        "http_reqs": {
            "count": 5,
            "rate": 0.41358494125277945
        },
        "http_req_tls_handshaking": {
            "med": 69.002469,
            "max": 73.034333,
            "p(90)": 71.43552580000001,
            "p(95)": 72.2349294,
            "avg": 69.54420280000001,
            "min": 67.716434
        },
        "vus": {
            "value": 0,
            "min": 0,
            "max": 1
        },
        "http_req_blocked": {
            "avg": 123.58345639999997,
            "min": 101.204399,
            "med": 103.119379,
            "max": 207.402158,
            "p(90)": 165.724686,
            "p(95)": 186.56342199999997
        },
        "http_req_sending": {
            "max": 0.345738,
            "p(90)": 0.3282964,
            "p(95)": 0.3370172,
            "avg": 0.2982012,
            "min": 0.266407,
            "med": 0.288749
        },
        "http_req_waiting": {
            "p(95)": 68.7143012,
            "avg": 46.0989242,
            "min": 37.376025,
            "med": 38.359392,
            "max": 75.718555,
            "p(90)": 61.7100474
        },
        "http_req_connecting": {
            "p(95)": 34.416384,
            "avg": 33.8819342,
            "min": 33.268447,
            "med": 33.882363,
            "max": 34.51729,
            "p(90)": 34.315478
        },
        "data_sent": {
            "rate": 420.2850173010745,
            "count": 5081
        }
    }
}